{
    "what is a noun": "A noun is a word used to identify a person, place, thing, or idea.",
    "what is a verb": "A verb is a word used to describe an action or state.",
    "what is an adjective": "An adjective is a word that describes or modifies a noun.",
    "what is an adverb": "An adverb is a word that modifies or describes a verb, adjective, or another adverb.",
    "what is a pronoun": "A pronoun is a word that takes the place of a noun.",
    "what is a preposition": "A preposition is a word that shows the relationship between a noun (or pronoun) and another word in the sentence.",
    "what is a conjunction": "A conjunction is a word that connects words, phrases, or clauses.",
    "what is an interjection": "An interjection is a word or phrase used to express strong emotion or surprise.",
    "what is a sentence": "A sentence is a group of words that expresses a complete thought.",
    "what is a subject": "The subject of a sentence is the person, thing, or idea that the sentence is about.",
    "what is a predicate": "The predicate of a sentence tells what the subject does or what happens to the subject.",
    "what is a direct object": "A direct object is a noun or pronoun that receives the action of the verb.",
    "what is an indirect object": "An indirect object is a noun or pronoun that tells to whom or for whom the action of the verb is done.",
    "what is a clause": "A clause is a group of words that has both a subject and a verb.",
    "what is an independent clause": "An independent clause is a group of words that can stand alone as a sentence.",
    "what is a dependent clause": "A dependent clause is a group of words that cannot stand alone as a sentence.",
    "what is a phrase": "A phrase is a group of words that does not have both a subject and a verb.",
    "what is a compound sentence": "A compound sentence is made up of two or more independent clauses connected by a conjunction.",
    "what is a complex sentence": "A complex sentence consists of an independent clause and one or more dependent clauses.",
    "what is a compound-complex sentence": "A compound-complex sentence has two or more independent clauses and at least one dependent clause."
  }
  