{
    "area of circle": "The area of a circle is π × r².",
    "perimeter of square": "The perimeter of a square is 4 × side.",
    "area of triangle": "The area of a triangle is ½ × base × height.",
    "area of rectangle": "The area of a rectangle is length × breadth.",
    "volume of cube": "The volume of a cube is side³.",
    "volume of cuboid": "The volume of a cuboid is length × breadth × height.",
    "volume of sphere": "The volume of a sphere is 4⁄3 × π × r³.",
    "volume of cylinder": "The volume of a cylinder is π × r² × h.",
    "speed formula": "Speed = Distance / Time.",
    "distance formula": "Distance = Speed × Time.",
    "time formula": "Time = Distance / Speed.",
    "force formula": "Force = Mass × Acceleration.",
    "work formula": "Work = Force × Distance.",
    "power formula": "Power = Work / Time.",
    "kinetic energy formula": "Kinetic Energy = ½ × m × v².",
    "potential energy formula": "Potential Energy = m × g × h.",
    "acceleration formula": "Acceleration = Change in velocity / Time.",
    "newton's first law": "An object remains at rest or in motion unless acted upon by a force.",
    "newton's second law": "Force = Mass × Acceleration.",
    "newton's third law": "For every action, there is an equal and opposite reaction.",
    "photosynthesis equation": "6CO₂ + 6H₂O → C₆H₁₂O₆ + 6O₂.",
    "water chemical formula": "The chemical formula of water is H₂O.",
    "carbon dioxide formula": "The chemical formula of carbon dioxide is CO₂.",
    "oxygen formula": "The chemical formula of oxygen is O₂.",
    "hydrogen formula": "The chemical formula of hydrogen is H₂."
}
